,Phenotype_A,Phenotype_A,Phenotype_A,Phenotype_A,Phenotype_A,Phenotype_A,Phenotype_A,Phenotype_A
,count,mean,std,min,25%,50%,75%,max
label,,,,,,,,
case,190247.0,1.5473401117288836,1.4312698562332766,-3.784773402455624,0.5461889272650995,1.4984339266489433,2.509652051328025,8.015011990909326
control,307244.0,0.943180430488502,1.464489770093156,-5.457803865791215,-0.056476289823501225,0.9675699817806243,1.9630775489090653,6.648745580143107
